scenario_id,block,model,explicitness,emotion_label,response
S1,Block 1,OLMo-2,Implicit,guilty,"It sounds like you're dealing with a tough situation. Honesty is usually the best policy, especially when it comes to family. It might be hard, but telling your mom about the accident could help you both move past it. You could start by expressing your regret and taking responsibility for your actions. It's important to show that you understand the value of the vase and that you're willing to learn from this mistake. Offer to help fix or replace it if possible. Remember, making mistakes is part of being human, and how we handle them can strengthen our relationships. Your mom might appreciate your honesty and willingness to make things right. It's okay to feel nervous, but facing the situation will likely bring you both closer."
S2,Block 1,OLMo-2,Explicit,content,"It sounds like you had a wonderful moment of peace and connection with your kids. These moments are precious and can be rare amidst the hustle and bustle of daily life. It's important to cherish these times as they foster a strong bond and create lasting memories. Taking a break from responsibilities and simply being present with loved ones can recharge your spirit and provide immense joy. Remember, it's okay to take time for yourself and your family. These moments of relaxation contribute to overall well-being and happiness. Keep finding those pockets of tranquility, and let them fuel you for the rest of the week. If you ever need more tips on managing stress or creating quality time with your kids, feel free to ask!"
S3,Block 1,OLMo-3,Implicit,sad,"I'm really sorry to hear about your loss. Losing old photos, especially from before digital times, can feel devastating. It's heartbreaking that there are no backups. While it's unfortunate, sometimes these losses are just a reminder of how precious memories are. If you'd like, I can suggest some ways to help you cope or even ideas for recreating those moments, like writing stories about the people or places in the photos. If you want, I can also help you brainstorm ideas for preserving future memories. Please know that your feelings are valid, and you're not alone in this."
S4,Block 1,OLMo-3,Explicit,hopeful,"That sounds exciting! I'm so happy for you—applying to your dream firm is a big step and you've clearly put in the work. It's great to feel hopeful; this could be a turning point in your career. Remember to stay positive and patient, even if the outcome isn't immediate. You've earned this opportunity, and whatever happens, you've taken a brave and important step forward. Wishing you the best as you await news—I'm certain you'll do great if you land the role!"
S5,Block 1,OLMo-2,Implicit,devastated,"I'm truly sorry to hear about your disappointment in missing out on adopting the dog you connected with. It's understandable to feel let down after such anticipation. Adoption processes can be competitive, and sometimes circumstances change quickly. Here are a few steps you might consider: 1) Stay positive and keep looking for other dogs that match your preferences; there are many loving animals waiting for their forever homes. 2) Consider expanding your search to different shelters or rescue organizations, as they often have a variety of pets available. 3) If possible, reach out to the shelter to express your interest in future adoptions—they might keep you in mind for future matches. Remember, every adoption story has its own timing, and yours is still unfolding. Good luck on your journey to finding your furry friend!"
S6,Block 1,OLMo-2,Explicit,confident,"It's great to hear that you're improving in your work tests! Confidence is a valuable asset when tackling challenges. Keep up the good work and continue to practice regularly. Remember, consistent effort leads to significant improvements over time. If you're looking for ways to enhance your performance further, consider these strategies: 1) Review past tests to identify areas for improvement. 2) Seek feedback from peers or supervisors to gain insights into your strengths and weaknesses. 3) Stay updated with any new information or skills relevant to the tests. 4) Maintain a positive mindset and view each test as an opportunity to learn and grow. Remember, it's okay to make mistakes; they're part of the learning process. Keep this momentum going, and you'll likely see even greater improvements in your performance!"
S7,Block 1,OLMo-3,Implicit,ashamed,"I'm really sorry to hear about that. Accidents like that can feel overwhelming and awkward for everyone involved. It sounds like you were surprised by what happened, and it must have been tough to see the impact on your neighbor. If you're concerned about the damage, I recommend apologizing sincerely and seeing if you can help cover the cost or assist in fixing the window. Sometimes, just reaching out with a genuine apology can go a long way. Remember, it's never easy when something you didn't mean happens, and taking responsibility shows you care."
S8,Block 1,OLMo-3,Explicit,sentimental,"I'm really sorry you're feeling this way. It sounds like that night meant a lot to you and created a deep memory with your best friend. Sometimes, life changes—like drifting apart—can feel hard, especially when something so special is tied to a lost friendship. It's normal to feel sentimental and maybe even a little sad. Remember, it doesn't mean the memory is bad or that you made a mistake. Sometimes friendships change for reasons beyond our control, and the value of those moments stays with us. Try to be gentle with yourself, and maybe, if you feel ready, reaching out with kindness could open the door to new connections. You deserve happiness and good memories, even if they look different now."
S9,Block 1,OLMo-2,Implicit,anxious,"I'm sorry to hear about the accident. It's important to handle such situations responsibly. First, ensure everyone is safe and no damage is severe. Once it's safe, approach the owner politely and apologize for the incident. Offer your details immediately, including your insurance information, so they can contact you or their insurance company. If possible, take photos of the damages from a respectful distance to document the situation. It's crucial to be honest and cooperative throughout this process. Remember, accidents happen, but how we handle them reflects our responsibility and respect for others' property."
S10,Block 1,OLMo-2,Explicit,surprised,"It sounds like you had a sudden and unexpected visit from an old friend, which can certainly be surprising! It's natural to feel caught off guard when someone shows up unannounced, especially if it's been a long time since you've seen them. To handle such situations in the future, consider establishing clear communication protocols with your friends. You might suggest using a messaging app or setting up a calendar reminder for when they plan to visit. This way, you can share your schedule and preferences regarding unexpected visits. Remember, it's also important to embrace these moments of surprise as opportunities to reconnect and catch up with old friends. It adds a bit of excitement to life!"
S11,Block 1,OLMo-3,Implicit,disappointed,"I'm really sorry to hear that you're facing a tough start with your business. It's completely normal for new ventures to take longer than anticipated, and your effort so far is already a big step in the right direction. Instead of getting discouraged, consider what you can learn from this phase—what's working, what's not, and where you might need to adjust your approach. Sometimes, patience and flexibility are just as important as hard work. If you'd like, I can help brainstorm strategies or review your current plan to see where tweaks might help. Remember, setbacks are part of the journey, and persistence often leads to success. You've got this!"
S12,Block 1,OLMo-3,Explicit,trusting,"It sounds like you placed a lot of trust in your friend to handle something important for the party. That trust must have felt good at the time, but it's also worth reflecting on how you felt when the moment came—did your friend follow through, or did it cause any disappointment? Trust is powerful, but it's also fragile. If this experience made you realize how much you rely on others, maybe next time you'll set a few backup plans or communicate your expectations more clearly. Still, it's okay to trust; just be mindful of how you handle the outcome."
S13,Block 1,OLMo-2,Implicit,lonely,"I understand that taking care of an aging parent can be incredibly demanding, leaving little time for social activities or personal interests. It's important to remember that your well-being is crucial too. Here are a few suggestions: 1) Consider reaching out to local support groups for caregivers; they can provide emotional support and practical advice. 2) Look into community resources or services that might offer some respite care, giving you a much-needed break. 3) Try to carve out small moments for yourself each day, even if it's just a few minutes of quiet time or a short walk. 4) Online communities can be a great way to connect with others in similar situations. Remember, taking care of yourself is not selfish—it's essential for you to continue providing the best care for your mom."
S14,Block 1,OLMo-2,Explicit,caring,"It's incredibly thoughtful and heartwarming that you're spending your weekends with your mom to support her during this difficult time. Your actions show deep care and compassion, which is truly meaningful. It's important for family members to lean on each other during tough times. By being there for your mom, you're not only helping her feel less lonely but also strengthening your bond. Remember, small gestures of presence can make a big difference in someone's life. Keep nurturing this relationship; it's precious and beneficial for both of you. Your commitment is a beautiful example of how love and support can bridge the gap left by absence. Keep up the great work, and know that your efforts are making a positive impact on her life and yours."
S15,Block 1,OLMo-3,Implicit,disappointed,"I'm really sorry to hear that happened. It's disappointing to trust someone and have them let you down like that. Staying calm shows strength and maturity—it's important not to react with anger or blame, as that can make things worse. Instead, it's okay to feel hurt or disappointed, but expressing those feelings calmly can help clear the air and maybe open a path for understanding or making things right. Remember, trust takes time to rebuild, but honesty is a good first step. If you feel comfortable, you might want to talk to your friend about why it happened and what they can do to make amends. Take care of yourself, too—you deserve to feel safe and respected."
S16,Block 1,OLMo-3,Explicit,grateful,That's a wonderful story! It's heartwarming to hear someone show such kindness and attentiveness to another person's belongings. Moments like these remind us how small acts of generosity can make a big difference in someone's day. Feeling grateful is a beautiful response—it not only acknowledges the help but also encourages more good deeds. Thank you for sharing this; it's a lovely example of human connection and positivity in public spaces.
S17,Block 1,OLMo-2,Implicit,furious,"It sounds incredibly frustrating to have your schedule disrupted repeatedly without the issue being resolved. Here are a few steps you might consider: Communicate Clearly: Try to establish a more precise timeline for his visit. Ask if he can provide a specific window of time when he'll arrive. Set Boundaries: If consistent no-shows continue, it might be time to find another handyman who respects your time. Understand the Issue: There could be legitimate reasons for delays, such as emergencies or supply issues. However, these should be communicated to you promptly. Seek Alternatives: Consider temporary fixes or alternative solutions if waiting becomes too burdensome. Document Conversations: Keep records of your communications with him to ensure there's a clear understanding and to protect yourself in case of further delays. Remember, your time is valuable, and it's important to address this situation promptly for your peace of mind."
S18,Block 1,OLMo-2,Explicit,excited,"It sounds like you're eagerly anticipating your upcoming vacation in West Virginia! That's wonderful. Preparing for a getaway can be an exciting time, and it's great that you're feeling positive about it. As you get closer to your departure date, try to enjoy the anticipation by perhaps planning some activities you both are looking forward to or packing a few days ahead to reduce last-minute stress. Remember to also take care of any necessary preparations like booking transportation, checking the cabin's amenities, and confirming any reservations. Most importantly, relish this time to disconnect and recharge with your wife. Safe travels and have a fantastic vacation!"
S19,Block 1,OLMo-3,Implicit,guilty,"I'm really sorry you felt that way about it. It's understandable to feel guilty when something like that happens—it can really hurt to see someone go hungry because of a small mistake. Next time, it's important to ask first or offer to share. Your friend's feelings matter, and being mindful can make a big difference. You can apologize and explain you didn't mean to hurt him. It's a good reminder to be more considerate in the future. Everyone makes mistakes, but showing empathy helps repair the moment."
S20,Block 1,OLMo-3,Explicit,joyful,"That's such a powerful moment! It's amazing how a shift in perspective—realizing you've overcome a tough challenge—can bring such happiness. It's easy to get caught up in the struggle, but success after persistent effort is truly rewarding. Celebrate this achievement, and remember how far you've come. You're proof that perseverance pays off. And sharing this joy with your mom is a beautiful way to honor the journey together. Keep believing in yourself—you deserve all the happiness that comes from hard work and growth."
S21,Block 1,OLMo-2,Implicit,jealous,"It sounds like seeing your friend's new car made you feel a mix of admiration and perhaps a bit of envy or concern about your own situation. It's natural to feel this way, especially when we compare ourselves to others. However, it's important to remember that everyone's circumstances are unique. Your car not starting could be a temporary issue that can be resolved, or perhaps it's a sign to invest in a new one if it's beyond repair. Either way, your value and self-worth aren't tied to material possessions. Focusing on what you do have, like strong friendships and the ability to walk to your car, can be empowering. If your car situation is causing stress or inconvenience, consider reaching out to a mechanic or exploring alternative transportation options. Remember, it's okay to dream about new possibilities but also appreciate and take care of what you currently have."
S22,Block 1,OLMo-2,Explicit,excited,"It sounds like you had an exhilarating experience watching the World Cup! Celebrating a team's victory with such enthusiasm is a great way to enjoy sports. However, staying up late and jumping up from your seat can be physically demanding. To avoid potential soreness, it might be helpful to stretch before and after such activities to keep your muscles loose and reduce the risk of injury. Additionally, maintaining a balanced diet and ensuring you get enough sleep can help your body recover from the excitement and late hours. If you continue to experience discomfort, consider light exercise or restorative activities like yoga to aid in muscle recovery. Remember, it's important to listen to your body and give it the care it needs after physical exertion. Enjoy future matches responsibly!"
S23,Block 1,OLMo-3,Implicit,afraid,"I can totally relate to that feeling—being in the middle of a room during a blackout can be really unsettling, especially after a storm. The darkness and sudden silence make everything feel unstable, even if it's just for a short time. It's understandable to feel anxious until you know everything is safe again. Power outages like that can be scary, but they're usually over quickly. If you ever feel anxious about outages in the future, maybe consider keeping a flashlight or phone handy to help you feel more secure until the lights come back on. You're not alone in feeling that way!"
S24,Block 1,OLMo-3,Explicit,proud,"That's such a huge and wonderful milestone for your dad! It must feel incredibly rewarding to hear that he's been sober for six months. Celebrating his progress is a beautiful way to support him and show your love. Your pride is well-placed—recovery is hard work, and reaching this point is a testament to his strength and determination. If you're comfortable, offering your ongoing support and encouragement can make a real difference. Remember to take care of yourself too, as supporting someone through recovery can be emotionally demanding. Congratulations to both of you on this amazing achievement!"
S1,Block 2,OLMo-2,Explicit,guilty,"It sounds like you're going through a tough time with guilt over hiding the broken vase. Honesty is usually the best policy, especially in close relationships like the one you have with your mom. It might be hard, but sharing what happened and taking responsibility could help ease your conscience and strengthen trust. Remember, everyone makes mistakes; it's how we handle them that matters. Consider telling her soon when you feel ready. You could say something like, ""Mom, I need to tell you something that's been bothering me. I broke a vase and hid it, and I'm really sorry. I know I shouldn't have done that."" This approach shows maturity and respect for your relationship with her. It's never too late to make things right, and being honest can lead to a stronger bond."
S2,Block 2,OLMo-3,Implicit,content,"That sounds wonderful! It's so valuable to take those moments to unwind and truly be present with your kids. Sometimes, life gets so busy that we forget to enjoy the simple joys at home. Taking time to relax together can strengthen your bond and create lasting memories. I hope you get to do this more often—it's a gift to both of you. Enjoy those peaceful moments!"
S3,Block 2,OLMo-3,Explicit,sad,"I'm so sorry to hear about your loss. Losing old photos, especially from before digital times, can feel devastating—they often hold so much meaning and memories. It's completely understandable to feel sad. While it's heartbreaking that there are no backups, you might consider reaching out to local historical societies, family archives, or even local libraries. Sometimes, they have resources or connections that could help recover or recreate lost images. In the meantime, you could also try reflecting on the memories those photos held and perhaps start collecting stories or descriptions from family members about those moments. It's okay to grieve the loss, and know that your feelings are valid. If you'd like, I can suggest some ways to cope or even help you brainstorm ideas for recovering or honoring those memories."
S4,Block 2,OLMo-2,Implicit,hopeful,"It's great to hear about your exciting opportunity! Applying for a job at a law firm you've always wanted to work for is a significant step towards your career goals. Here are a few tips to help you navigate this process: First, ensure your resume highlights your relevant skills and experiences clearly. Tailor it to the job description if possible. Second, prepare for the interview by researching the firm and practicing common interview questions. Confidence is key, so also think about how you'd articulate your passion for law and why you want to work specifically at this firm. Lastly, consider reaching out to any contacts you might have within the firm to express your interest and inquire about the application process. Remember, every step forward is progress, and your hard work will pay off. Keep us posted on your journey!"
S5,Block 2,OLMo-2,Explicit,devastated,"I'm truly sorry to hear about your disappointment in missing out on adopting the dog you connected with. It's understandable to feel devastated after such a hopeful experience. Remember, there are many other dogs in shelters waiting for their forever homes. Consider visiting different shelters or using reputable adoption websites to find another match. Volunteering at a shelter can also be rewarding and help you connect with animals in need. If you're feeling down, talking to friends, family, or even a professional about your feelings can provide support. Keep your spirits up; there's a perfect dog out there for you, and your patience and love will make a significant difference in their life."
S6,Block 2,OLMo-3,Implicit,confident,"That's great progress! Improving at daily tests shows dedication and a growth mindset. Celebrate your achievements—each step forward counts. Remember, consistency is key, and it's normal to start slow but to keep getting better over time. If you ever feel discouraged, remind yourself why these tests matter and how much you're learning. Keep up the good work, and don't hesitate to ask for support if you need it. You're doing better than you might think!"
S7,Block 2,OLMo-3,Explicit,ashamed,"I'm really sorry to hear that happened. Accidents like that can feel overwhelming and embarrassing, especially when it affects someone else's property. It sounds like you took responsibility for what happened, which is a good first step. Feeling ashamed is natural, but it's important to remember it was an accident. If your neighbor is okay and doesn't want to press charges, you might consider apologizing sincerely and offering to help repair the window if you can. If not, just being understanding and apologetic goes a long way. Time helps with guilt too. Hang in there—it's human to make mistakes."
S8,Block 2,OLMo-2,Implicit,sentimental,"I'm really sorry to hear that your experience with your best friend didn't end on a positive note. It's not uncommon for friendships to evolve or face challenges, but it can be particularly tough when those changes involve a significant event like seeing fireworks together, which you described as the best day of your life. Friendships can end for various reasons, sometimes due to growing apart, misunderstandings, or conflicts that aren't resolved. It's important to allow yourself to grieve the loss of that friendship and recognize that it doesn't diminish the value of the good times you shared. Moving forward, try to focus on building new relationships and finding joy in other experiences. Remember, it's okay to feel sad about this loss, but also to look ahead with hope for future friendships that bring happiness into your life. If you ever need someone to talk to about this or any other feelings, I'm here to listen."
S9,Block 2,OLMo-2,Explicit,anxious,"I'm sorry to hear about your stressful situation. It's understandable to feel anxious in such circumstances. Here are a few steps you might consider: First, ensure everyone is safe and no damage is severe. Next, try to locate the car owner by checking nearby homes or using any visible contact details on the car. If you can't find them, leave a note with your contact information explaining the incident and offering to discuss compensation. Stay calm and patient; it's common for situations like these to take time to resolve. Remember, accidents happen, and showing responsibility and willingness to make things right can go a long way in easing the tension. If you continue to feel overwhelmed, reaching out to a trusted friend or professional for support might help."
S10,Block 2,OLMo-3,Implicit,surprised,"That sounds really unexpected and a bit unsettling. It's important to consider why they showed up without notice—maybe there's an emergency or something urgent they wanted to talk about. However, it's also crucial to prioritize your safety and boundaries. If you feel comfortable, you could calmly ask them what they want or why they're there. If not, it's okay to ask them to leave and explain that you weren't expecting them. Communication is key, but your comfort and safety come first. If you feel uneasy or threatened, it might be best to call someone you trust for advice or support."
S11,Block 2,OLMo-3,Explicit,disappointed,"I'm so sorry you're feeling this way—it's completely understandable to be disappointed when things aren't going as planned. Remember, every successful business faced setbacks and slow starts. It doesn't mean your effort isn't valuable or that you're not capable. Take a step back and reflect on what you've learned so far. What challenges have you noticed, and what adjustments could help move things forward? It's okay to feel down sometimes, but also try to see this as a learning opportunity. You've already shown resilience by trying hard. Keep going, and be kind to yourself as you move forward. You've got this."
S12,Block 2,OLMo-2,Implicit,trusting,"It sounds like you have a lot of trust in your friend, which is great! However, it's always wise to follow up, especially when dealing with important tasks like picking up items for a party. You could send a gentle reminder text or call to check in, ensuring everything is on track. If there's any chance he might forget or encounter an issue, offering to help or providing a backup plan could be beneficial. Remember, clear communication and mutual support are key to a successful party. Stay positive and enjoy the event!"
S13,Block 2,OLMo-2,Explicit,lonely,"I'm truly sorry to hear about your challenging situation. Taking care of an aging parent can be incredibly demanding, and it's understandable that you're feeling lonely. It's important to remember that your feelings are valid. While it's essential to continue providing care for your mom, finding moments for yourself is crucial for your well-being. Consider reaching out to support groups for caregivers; they can provide emotional support and practical advice. Online forums or local community centers might offer opportunities to connect with others in similar situations. Even small steps like joining a hobby group or engaging in virtual social activities can make a difference. Remember, taking care of yourself is not selfish—it's necessary to continue being the best caregiver you can be. You're doing an admirable job, and there are resources and communities ready to support you through this journey."
S14,Block 2,OLMo-3,Implicit,caring,"It sounds like you're doing a wonderful thing by spending time with your mom—it must help her feel supported and less lonely. Making time for your family, especially during tough times, is so important. If you feel comfortable, maybe you could also find ways to include her in activities she enjoys or talk about her feelings together. Even small gestures can make a big difference. It's great that you're already helping her through these weekends. If you ever need advice on how to make the time even more meaningful, I'm here to help. Keep being there for her—it means a lot."
S15,Block 2,OLMo-3,Explicit,disappointed,"I'm really sorry to hear you're feeling this way. It's understandable to feel disappointed and hurt when someone you trust takes your money without permission—it's a breach of trust that can sting a lot. While you stayed calm, it must still hurt to realize that happened. It's okay to feel upset, and you don't have to shoulder this alone. Talking to someone you trust about how you're feeling can help process the disappointment. Remember, it's not your fault—they chose to break that trust. Take care of yourself, and consider discussing the situation with your friend honestly, if you feel comfortable, so you both can move forward."
S16,Block 2,OLMo-2,Implicit,grateful,"It sounds like you had a fortunate encounter! The man who returned your wallet showed kindness by acting responsibly and ensuring you got your belongings back. It's always reassuring to know there are good people around. To prevent such situations in the future, consider checking your pockets or bag before leaving any place, especially after sitting down. You might also want to invest in a wallet with a secure closure or clip. Remember, while most people are trustworthy, it's wise to remain vigilant and take simple precautions to protect your personal items. Your experience is a reminder of the goodness in people, but also a gentle nudge to practice caution. Stay safe!"
S17,Block 2,OLMo-2,Explicit,furious,"I understand how frustrating it can be when plans don't align as expected, especially when you've made significant adjustments to accommodate someone else's commitments. It's important to express your feelings calmly and professionally. You might say something like, ""I feel let down when plans change without notice, especially after I've rearranged my schedule. Could we please find a more reliable time for you to come over?"" This approach maintains respect while communicating your needs. If the issue persists, consider finding another handyman who values your time and reliability as much as you do. Remember, it's okay to prioritize your own well-being and schedule."
S18,Block 2,OLMo-3,Implicit,excited,"That sounds like it's going to be a wonderful getaway! West Virginia has such beautiful mountains and a peaceful vibe—perfect for relaxing and enjoying nature together. I'm glad you're looking forward to it; it's always nice to have something to anticipate. If you need any travel tips or want to brainstorm activities for your trip, I'd be happy to help. Enjoy the time with your wife and the fresh air of the mountains!"
S19,Block 2,OLMo-3,Explicit,guilty,"I'm so sorry you're feeling this way. It's never okay to take someone's food without asking, and it's clear you care about your friend. Feeling guilty is natural when you realize you hurt someone you care about, especially when it led to them going to bed hungry. Next time, please ask before taking food—everyone deserves to be fed and comfortable. It's a small mistake, but it says a lot about your values when you want to make amends. If you want, you could text your friend and express your regret and willingness to make it right, like offering to treat them next time. You're showing you have empathy and responsibility, which is a good thing to work on."
S20,Block 2,OLMo-2,Implicit,joyful,"I'm thrilled to hear that you've overcome such a challenging period! Failing courses can be incredibly stressful, but your perseverance has paid off. It's great that you reached out to share this success with your mom; family support is invaluable. This achievement is a testament to your hard work and determination. Remember, setbacks are often just setups for comebacks. Celebrate this victory, but also consider what strategies helped you succeed this time—were there study habits or resources you found particularly helpful? Reflecting on this could help you continue to improve in the future. Keep up the great work, and don't hesitate to reach out if you need further support or advice. You've got this!"
S21,Block 2,OLMo-2,Explicit,jealous,"It's completely normal to feel a pang of jealousy when you see a friend with something new and shiny, especially when your own situation feels stagnant. However, remember that everyone's journey is unique, and material possessions don't define worth or happiness. Your value isn't diminished by not having a working car right now. Consider this time as an opportunity for growth—maybe it's a chance to save money, learn more about car maintenance, or explore alternative transportation options. It's also a good moment to reflect on your relationship with your friend. Are they supportive? Do they bring positivity into your life? If so, cherish that connection. And who knows, maybe soon you'll be the one showing off a new purchase, feeling proud and happy for yourself. Remember, it's okay to feel, but how we respond to those feelings is what truly matters."
S22,Block 2,OLMo-3,Implicit,excited,That sounds like an exciting moment! Watching a World Cup final must be incredibly thrilling—there's nothing quite like the adrenaline rush when your team scores the winning goal. Jumping up is a natural reaction to such a dramatic and emotional event. It's amazing how sports can bring people together and create such powerful memories. I bet you felt a real sense of joy and pride. Enjoy the celebration—you definitely made it a night to remember!
S23,Block 2,OLMo-3,Explicit,afraid,"I'm so sorry you had to experience that. Power outages can feel really scary, especially when you're already anxious. It sounds like the storm was intense and sudden, which can make everything feel more overwhelming. It's completely understandable to feel afraid in that moment—your body was just reacting to the uncertainty. If you ever feel scared during outages in the future, it might help to know that most power issues are temporary and safe. If you have a backup light source or phone, using it can also help calm nerves. Remember, you're not alone in feeling that way, and it's okay to take a moment to breathe and ground yourself when it happens again."
S24,Block 2,OLMo-2,Implicit,proud,"I'm truly glad to hear about your dad's progress in his journey towards sobriety. It must have been a relief and a moment of joy for you and your family. Sharing this news with your family is a positive step, as it can foster support and celebration around his achievement. Remember, maintaining sobriety is a day-by-day commitment, and having a supportive network is crucial. Encourage him to continue seeking support from groups like Alcoholics Anonymous or other resources that focus on recovery. Celebrate his progress, but also be mindful of the challenges ahead. If he ever relapses or faces difficulties, it's important to offer understanding and encouragement rather than judgment. Your family's positive response can play a significant role in his ongoing journey. Keep supporting him, and remember to take care of yourself as well during this time."
S1,Block 3,OLMo-3,Implicit,guilty,"I'm really sorry you're in this situation. Hiding the broken vase isn't the best solution—it can make things more stressful in the long run. It might be better to be honest with your mom. She'll probably understand, especially if it was an accident. Telling her now could help you avoid more trouble and show that you're taking responsibility. If you're worried about getting in trouble, you could offer to help fix it or pay for a replacement. Remember, being honest builds trust with your family. If you need help thinking of how to talk to her, I'm here to help."
S2,Block 3,OLMo-3,Explicit,content,"That sounds wonderful. It's so special to find those moments of quiet contentment, especially with your kids. Sometimes, in the rush of daily life, we forget to truly be present. Taking time to simply relax and enjoy the company can be deeply restorative. It's a reminder of what really matters. I hope you can make these peaceful moments a regular part of your routine. It's not always easy, but it's worth it. Enjoy this feeling—you've earned it."
S3,Block 3,OLMo-2,Implicit,sad,"I'm truly sorry to hear about your loss of old photos due to the flood. It's heartbreaking to lose such irreplaceable memories. While it's unfortunate that you don't have digital backups, there might still be hope. Consider looking for professional water damage restoration services; they often have experience in salvaging photos and documents. If the photos are wet, do not touch them as this can cause further damage. Instead, carefully lay them out to dry on a flat surface away from direct heat or sunlight. For long-term preservation, if some photos are salvageable, you might want to consult with a professional photo restoration service. Remember, even if some photos are beyond saving, the memories they hold remain within you."
S4,Block 3,OLMo-2,Explicit,hopeful,"It's wonderful to hear about your excitement for this opportunity! Working at a law firm you've always admired sounds like a dream come true. Remember, it's essential to stay patient during the application process. Each firm has its own timeline and method for reviewing applications. While waiting, consider preparing for potential interviews by revisiting relevant case studies or practicing common interview questions. This will not only boost your confidence but also demonstrate your dedication and preparedness if you get selected. Keep in mind that this is a significant step in your career journey, and your hard work and passion are what truly matter. Stay positive and believe in your capabilities. Best of luck!"
S5,Block 3,OLMo-3,Implicit,devastated,"That sounds really disappointing and frustrating. It's heartbreaking to find a dog you love only to lose them to someone else. Adoption processes can sometimes be unpredictable, but it's important not to get discouraged. Many shelters have waitlists and you can keep your name on the list for future opportunities. You might also consider reaching out to the shelter directly to express your interest or ask if they have any upcoming dogs you might connect with. In the meantime, it can help to reflect on what made you fall in love with this dog—those qualities are valuable and can guide you in finding your next furry friend. Stay hopeful and keep searching; the right match is out there!"
S6,Block 3,OLMo-3,Explicit,confident,"That's wonderful to hear! Progress in daily tests is a great sign of improvement and confidence. It's amazing how much you've grown—congratulations on your hard work and dedication. Remember to celebrate your achievements along the way; even small steps matter. If you keep this momentum up, you'll likely continue to excel. If you ever feel a dip, don't worry—it's normal to have off days. But your current confidence is a strong foundation. Keep it up!"
S7,Block 3,OLMo-2,Implicit,ashamed,"I understand that this situation is distressing. It seems accidental, but it's important to address the consequences responsibly. First, ensure everyone is safe. If no one is injured, proceed to assess the damage. If the window is broken, you should inform your neighbor immediately about the incident. Apologize sincerely for the accident and express your willingness to help resolve the issue. Offer to pay for the repair or assist in finding a solution. It's crucial to be honest and transparent. This shows respect for your neighbor and takes accountability for your actions. Remember, accidents happen, but how we handle them reflects our character. Stay open to discussing the matter and finding a fair resolution."
S8,Block 3,OLMo-2,Explicit,sentimental,"I'm really sorry to hear that you're feeling sentimental about your past friendship and the good times you shared. It's natural to feel this way when reminiscing about positive memories, especially when they involve someone who was once close to you. Losing a friend can be incredibly painful and leave a void in your life. Remembering those moments doesn't mean you're stuck in the past; it's a part of healing and moving forward. It's okay to allow yourself to feel these emotions but also try to focus on the present and future. Reach out to other friends or loved ones for support, engage in activities that bring you joy, and consider new friendships that can fill the space left by your former best friend. Over time, those memories will continue to hold significance, but they won't define your happiness. You're capable of creating new, wonderful experiences. Take care of yourself during this sentimental time."
S9,Block 3,OLMo-3,Implicit,anxious,"I'm really sorry to hear about your experience. Accidents like this can be frustrating and stressful. It's understandable that you felt the need to wait before approaching the owner—it's important to ensure everyone is safe and no one is upset or upset by the incident. Once you spoke to them, I hope they understood your situation and weren't angry. If you're concerned about any damage or liability, it might be wise to exchange information (like insurance details or license plates) and consider taking photos as evidence. If you're unsure about what to say or do next, you could also reach out to your local council's traffic department or a legal advisor for guidance. Let me know if you want help drafting a message to the owner to apologize or clarify the situation."
S10,Block 3,OLMo-3,Explicit,surprised,"That sounds really unexpected and a bit unsettling. It's understandable to feel surprised when someone shows up without notice, especially after so long without seeing them. It could be that they were just trying to reconnect or needed help, but it also raises questions about their intentions. If you're comfortable, you might want to calmly ask them why they came and how you feel about this. Your safety and boundaries are important, so take some time to process the situation before deciding how to respond. If you feel uneasy, it's okay to set some space or let them know you need some time to think."
S11,Block 3,OLMo-2,Implicit,disappointed,"It sounds like you're experiencing the common challenge of starting a business, where initial progress can sometimes be slower than anticipated. Remember, every business has its unique journey, and patience is key. Here are a few suggestions: First, ensure your business plan aligns with market needs and your resources. Second, consider refining your marketing strategy to better reach your target audience. Third, networking and building relationships can open doors to new opportunities. Lastly, maintain a positive mindset and learn from each experience. It's also beneficial to seek advice from mentors or other entrepreneurs who've navigated similar challenges. Keep in mind that perseverance often leads to success. You're not alone on this journey, and there are resources and communities ready to support you. Stay resilient and keep pushing forward!"
S12,Block 3,OLMo-2,Explicit,trusting,"It's wonderful that you trust your friend so much! Trust is a beautiful aspect of human relationships, fostering strong bonds and mutual respect. It's great that you're confident in his ability to deliver on your request for the party supplies. Just to ensure everything goes smoothly, you might want to follow up with a gentle reminder closer to the party time, just to be safe. Remember, while trust is essential, a little proactive communication can help maintain the smooth flow of plans and prevent any potential misunderstandings. Enjoy your party, and I hope your friend's reliability shines through!"
S13,Block 3,OLMo-3,Implicit,lonely,"I'm really sorry you're feeling this way. Caring for an aging parent is incredibly demanding and can make it hard to maintain friendships. It's completely understandable to feel isolated when so much of your energy is needed elsewhere. Remember, you're not alone—many people in similar situations struggle with this. If possible, consider reaching out to support groups (online or local) for caregivers, or even just sharing your experiences with someone you trust, even if it's just for a few minutes. Sometimes, simply acknowledging your feelings can lighten the load. Be gentle with yourself, and know that seeking support is a sign of strength, not weakness. You deserve connection too."
S14,Block 3,OLMo-3,Explicit,caring,"It sounds like you're doing a wonderful thing by spending time with your mom—it must mean a lot to her to have you there. It's really admirable how caring you are feeling. Supporting someone through loneliness can be really meaningful, even if it doesn't always feel easy. Your presence and attention probably make a big difference in her life. Remember to take care of yourself too, though—being there for others is important, but you can't pour from an empty cup. If you ever need to talk about how you're feeling or if she needs more support, don't hesitate to reach out. You're already making a positive impact by being there for her."
S15,Block 3,OLMo-2,Implicit,disappointed,"I'm sorry to hear about this situation. It's understandable that you're feeling upset and betrayed. Trust is a fundamental part of any relationship, and having it violated can be deeply hurtful. It's commendable that you chose to stay calm upon discovering the truth; maintaining composure often helps in addressing the issue more effectively. Here are a few steps you might consider: Communicate your feelings honestly but respectfully to your friend, expressing how their actions made you feel. Discuss the importance of trust and honesty in your relationship. Decide together on a way to make amends, such as returning the money or finding another fair resolution. Remember, it's okay to set boundaries and expect respect. If the situation doesn't improve or if you feel your friendship is irreparably damaged, it might be time to reconsider the nature of your relationship moving forward. Your well-being is paramount, and it's important to take care of yourself during this process."
S16,Block 3,OLMo-2,Explicit,grateful,"It's wonderful to hear about such a kind act! It's always reassuring to know that there are still people willing to return lost items, fostering trust and goodwill in our communities. To ensure this doesn't happen again, consider keeping your wallet in a secure place like a jacket pocket or fanny pack when out and about. You might also want to check the bench for any signs of your wallet falling out before leaving. Remember, acts of kindness can inspire more kindness, so perhaps you could pay it forward by doing something nice for someone else today. Stay safe and keep your belongings secure!"
S17,Block 3,OLMo-3,Implicit,furious,"I'm really sorry you're dealing with this—it sounds frustrating and inconvenient. It's understandable to expect reliability from a handyman, especially when their main job is to help. I'd recommend clearly communicating your expectations and scheduling in advance, perhaps using a calendar reminder for yourself or a text/call confirmation system. You could also ask if there's a reason for the delays or if there's another handyman available who can be more reliable. It's worth following up with the handyman company or individual to express your concerns and see if there's a process in place for missed appointments. Your patience is understandable, but you deserve better service."
S18,Block 3,OLMo-3,Explicit,excited,"That sounds amazing! I'm so happy to hear you're excited about your vacation in West Virginia. Spending time together in a cabin must be so refreshing and close to nature. It's wonderful to feel that sense of anticipation—it often means you're looking forward to making great memories. I hope you both have a wonderful time, enjoy the peaceful surroundings, and make the most of your getaway. If you need any travel tips or want to share more about your plans, I'd love to hear about it!"
S19,Block 3,OLMo-2,Implicit,guilty,"It sounds like you're feeling guilty about unintentionally causing your friend discomfort. It's important to acknowledge your mistake and consider how you can make amends. You might want to apologize sincerely, expressing your regret for not asking and understanding the impact of your action. Offer to buy him a meal or cook something for him as a gesture of goodwill. Open communication is key; discuss how you both can handle situations like this in the future to prevent similar occurrences. Remember, everyone makes mistakes, but it's our actions to rectify them that truly matter. By taking responsibility and showing empathy, you're likely to strengthen your friendship rather than weaken it."
S20,Block 3,OLMo-2,Explicit,joyful,"Congratulations on your success! Passing all your courses after struggling is a significant achievement. It shows resilience, hard work, and determination. Feeling joy is a natural response to overcoming challenges and achieving goals, especially when it involves academic success which is crucial for your future. Sharing this moment with your mom is a beautiful way to express your gratitude and happiness. It's important to celebrate these victories, as they boost confidence and motivation for future endeavors. If you're feeling overwhelmed or need strategies to maintain this momentum, consider setting smaller, manageable goals, seeking academic support if needed, and maintaining a balanced lifestyle. Remember, it's okay to ask for help and take care of your mental and physical health. Keep up the great work!"
S21,Block 3,OLMo-3,Implicit,jealous,"It sounds like your friend's new car caught your eye, especially after dealing with your own car troubles. It's natural to feel a mix of excitement and maybe a little envy, but also empathy for your situation. While it's tempting to compare, remember that cars are just tools—they don't define worth or success. Maybe take a moment to acknowledge your own strength in getting through tough times, even if your car isn't running right now. And who knows, maybe your situation will inspire you to take care of your own vehicle or seek help. Life has its ups and downs, and your resilience is impressive."
S22,Block 3,OLMo-3,Explicit,excited,"That sounds like an amazing experience! Watching a World Cup match is always thrilling, especially when your team scores a winning goal. Jumping up with excitement is a great way to show how passionate you are about the game. Moments like that make the whole experience even more memorable. It's wonderful to share those highs with friends or family—those shared emotions really make sports special. Enjoy the memories!"
S23,Block 3,OLMo-2,Implicit,afraid,"It sounds like you experienced a sudden loss of power during a storm, which can be quite startling and cause anxiety. Shaking in such situations is a natural response to fear or stress, often referred to as an acute stress reaction. It's important to remember that these reactions are temporary and your body's way of responding to perceived danger. To help manage similar situations in the future, consider preparing ahead by having a flashlight, candles, and a battery-powered radio ready for emergencies. Establishing a calm routine before a storm can also reduce anxiety. If you find that such reactions persist or become overwhelming, it might be beneficial to speak with a mental health professional who can provide strategies to cope with stress and anxiety. Remember, it's okay to seek help and there are resources available to support you through these experiences."
S24,Block 3,OLMo-2,Explicit,proud,"I'm truly glad to hear about your dad's progress and your supportive role in his journey. It takes immense strength and courage to overcome addiction, and his six-month milestone is a significant achievement. Sharing this news with your family is a testament to your love and care for him. Celebrating small victories like these can be incredibly motivating for someone in recovery. Remember, maintaining sobriety is a day-by-day process, and it's important to continue offering your support and encouragement. If he's open to it, you might consider joining a support group for families of alcoholics, which could provide additional understanding and coping strategies. Keep encouraging him, and remember that you're not alone in this journey. Your family's unity and positive reinforcement can make a substantial difference in his path to recovery."
S1,Block 4,OLMo-3,Explicit,guilty,"I'm really sorry you're in this situation—it sounds tough. It's understandable to feel guilty, but hiding it might make things harder in the long run. It might help to talk to your mom as soon as you can. She might understand why it happened and could appreciate your honesty, even if you made a mistake. Sharing with her could actually make you feel better, both by relieving your guilt and by helping her repair what was broken. Remember, everyone makes mistakes, and being honest is a sign of respect for yourself and your family. If you're worried about how she'll react, you could offer to help fix it or make it right in your own way. You deserve to be honest—it's the first step toward moving past this."
S2,Block 4,OLMo-2,Implicit,content,"It sounds like you had a much-needed moment of peace and connection with your kids at home. Taking time to relax together can be incredibly rewarding and helps build strong family bonds. It's important to carve out these moments amidst the busyness of daily life. Remember, quality time spent together is invaluable and creates lasting memories. If you're looking for ways to make these moments even more meaningful, consider engaging in activities that everyone enjoys, like reading a book together, playing a game, or watching a movie. Also, reflecting on these times can provide comfort and joy, reinforcing the importance of slowing down and being present with loved ones. Keep nurturing those precious moments; they're the building blocks of a happy family life."
S3,Block 4,OLMo-2,Explicit,sad,"I'm truly sorry to hear about your loss. Losing old photos, especially those that hold sentimental value, can be incredibly painful. While I understand the uniqueness and irreplaceability of physical photographs from that era, there might still be hope. Professional restoration services specialize in recovering images from water-damaged materials. Additionally, if the photos were in plastic sleeves or albums, sometimes the images can be salvaged by carefully drying them. If you're up for it, learning basic photo restoration techniques could be a fulfilling way to attempt recovery yourself. Remember, it's okay to grieve this loss, but know that your memories are still with you, even if the physical prints are damaged. If you need more specific advice or support, feel free to ask."
S4,Block 4,OLMo-3,Implicit,hopeful,"That sounds exciting! I'm so happy for you—applying to your dream firm is a big step. I know the waiting can be tough, but remember to trust your preparation and the process. Even if this particular role isn't yours, it's an incredible opportunity to grow and learn. Stay positive, keep networking, and don't lose sight of your goals. Best of luck—you deserve this chance! If you want to talk about your experience or how you prepared, I'm here to listen and cheer you on."
S5,Block 4,OLMo-3,Explicit,devastated,"I'm so sorry you went through that—it must have been really tough. Losing a dog you connected with so much can feel like a personal loss. It's heartbreaking when circumstances beyond your control take something away, especially when you're making a big, loving decision. Adoption is such a beautiful process, but sometimes it's just how it works. While it's disappointing, please remember that there are many other wonderful dogs waiting for their forever homes. You can channel your feelings into helping others in the future, maybe even by supporting or volunteering at a shelter. Your care and compassion matter, and this experience, though painful, doesn't define your ability to love and give. Hang in there—it's never wasted to care deeply."
S6,Block 4,OLMo-2,Implicit,confident,"It's great to hear that you're improving in your work tests! Consistent practice and focused study can significantly enhance your performance. Here are a few tips that might help you continue your progress: 1) Understand the purpose of each test and the skills it aims to assess. 2) Break down complex tasks into manageable parts. 3) Regularly review and learn from your mistakes. 4) Seek feedback from peers or supervisors if possible. 5) Maintain a positive mindset, as confidence can play a big role in performance. Remember, improvement is a journey, and each step forward is a success. Keep up the good work!"
S7,Block 4,OLMo-2,Explicit,ashamed,"I'm sorry to hear about this unfortunate incident. It sounds like you're feeling quite guilty and ashamed, which is a natural response to causing harm or damage unintentionally. It's important to remember that accidents happen, and it's how we handle them that matters. The first step is to acknowledge what happened and take responsibility. You might consider speaking with your neighbor to apologize sincerely and offer to help rectify the situation, such as paying for the repair or assisting in any way you can. Open communication can often alleviate tension and show your willingness to make things right. Remember, everyone makes mistakes; it's how we learn and grow from them that defines us. Be kind to yourself while taking steps to resolve this matter."
S8,Block 4,OLMo-3,Implicit,sentimental,"That sounds bittersweet. Experiencing something magical like fireworks with a close friend can create lasting memories, even if the friendship didn't last. Sometimes life takes us in unexpected directions, and what felt like the best day can become a reminder of how precious those moments are. I hope you still cherish the memory and whatever you both gained from that day. It's okay to feel a mix of emotions—it's human to have both joy and loss. Wishing you peace and happiness moving forward."
S9,Block 4,OLMo-3,Explicit,anxious,"I'm really sorry to hear you had such a stressful experience. Accidents like that can be very frustrating and nerve-wracking, especially when you're already anxious about the situation. It sounds like you handled it as best as you could by waiting to speak with the owner, but it must have taken a while. Remember, these things happen to everyone sometimes, and it's important to stay calm and apologetic. If you're worried about any potential damage or liability, you might consider exchanging information with the owner and, if needed, taking photos of both cars for reference. Take care of yourself too—those moments of anxiety are completely understandable."
S10,Block 4,OLMo-2,Implicit,surprised,"It sounds like your friend's unannounced visit took you by surprise, which can be unexpected and a bit overwhelming. It's important to communicate your feelings about this situation to your friend. You might say something like, ""I'm glad to see you, but I feel it's important for my peace of mind to know when someone is coming over."" This way, you express your feelings without being confrontational. You could also suggest a new norm moving forward, such as checking in before visiting. Remember, maintaining open communication helps strengthen your relationship and ensures both parties feel respected and valued."
S11,Block 4,OLMo-2,Explicit,disappointed,"I'm sorry to hear that you're facing challenges with your new business. It's not uncommon for startups to experience slower beginnings. Disappointment is a natural response, but remember, every successful business often faces hurdles in the beginning. Here are a few suggestions: First, reassess your business plan and marketing strategies to identify areas for improvement. Second, maintain a positive mindset and keep investing in your business—patience and persistence are key. Third, consider seeking advice from mentors or joining networking groups to gain insights and support. Lastly, take care of yourself during this time; burnout can hinder progress. You've shown resilience by starting a business, and that's a strong foundation. Keep pushing forward, and don't hesitate to reach out for help when needed. You've got this!"
S12,Block 4,OLMo-3,Implicit,trusting,"I'm glad you trusted your friend to handle the important items! It's always reassuring when you know someone you can rely on. I hope everything went smoothly for them and they were able to get everything you needed on time. If you need any backup or want to double-check before the party, you could text or call just to confirm. But it sounds like you're in good hands—your friend's got this! Let me know if you want to celebrate once the party's happening."
S13,Block 4,OLMo-3,Explicit,lonely,"I'm so sorry you're feeling this way—it sounds like you're giving so much to your mom and it's taking a real toll on you. Caring for an aging parent is incredibly demanding and can make it hard to maintain your own social life and friendships. It's completely understandable to feel lonely in this situation. Remember, your well-being matters too. Even small steps, like reaching out to a trusted friend or joining a support group for caregivers, can help you feel less alone. You don't have to do everything on your own. If you ever need to talk or need suggestions for low-key ways to connect with others, I'm here to help. You deserve support and kindness, just as much as your mom."
S14,Block 4,OLMo-2,Implicit,caring,"It's heartwarming to hear about your dedication to supporting your mom during this difficult time. Spending weekends together is a wonderful way to provide companionship and comfort. Ensuring she feels less lonely is a meaningful gesture of love and care. Consider engaging in activities you both enjoy, which can strengthen your bond and create happy memories. Additionally, you might explore local groups or clubs that could help her meet new friends. If she's comfortable with technology, online communities can also be a source of connection. Remember to take care of yourself as well; balancing your own life while being there for your mom is important. Your presence makes a significant difference in her life, and it's a beautiful example of the impact of human connection."
S15,Block 4,OLMo-2,Explicit,disappointed,"I'm sorry to hear about your situation. It's understandable to feel disappointed and betrayed when someone you trust takes your money without permission. Communication is key here. Consider expressing your feelings calmly to your friend, explaining how their actions made you feel. It's important to maintain respect while being clear about the impact of their behavior. You might say something like, ""I felt really let down when I found out you took my money. I trusted you and it hurt when that trust was broken."" Remember, setting boundaries is crucial in any relationship. If this doesn't resolve the issue, you might need to reassess the friendship or seek advice from someone you trust on how to proceed. Your feelings are valid, and taking care of yourself is important."
S16,Block 4,OLMo-3,Implicit,grateful,"That was very kind of the man to do! It's easy to be distracted and not notice when your belongings slip away. His quick action not only returned your wallet but also helped prevent any potential loss or theft. It's a good reminder to stay aware of your belongings in public places, but I'm also grateful for people like him who show such thoughtfulness. Thanks for sharing this—sometimes small acts of kindness make a big difference."
S17,Block 4,OLMo-3,Explicit,furious,"I'm so sorry you're dealing with this frustration—it sounds incredibly stressful. It's understandable to feel upset when someone promises to help and then doesn't follow through. Maybe it's worth asking your handyman directly why this is happening—perhaps there's a scheduling issue, a lack of availability, or something else going on. You could also suggest setting a clear appointment with a specific time and confirming in writing. In the meantime, you might consider finding a different handyman who is reliable and punctual. Your peace of mind is important, and you deserve to have your issues addressed without feeling let down."
S18,Block 4,OLMo-2,Implicit,excited,"It sounds like you're really looking forward to your vacation! West Virginia offers beautiful landscapes, from lush forests to scenic mountains, perfect for relaxation and exploration. Make sure to pack appropriate clothing for the weather, which can vary depending on the season. Consider bringing some outdoor activities like hiking or fishing gear if you're interested in nature. Also, don't forget essentials like sunscreen, insect repellent, and any necessary medications. Since it's a cabin, you might need some basic supplies too, like toilet paper and cleaning products. It's great that you're thinking ahead to make the most of your trip. Enjoy your time away with your wife—vacations are a wonderful opportunity to reconnect and unwind. Safe travels!"
S19,Block 4,OLMo-2,Explicit,guilty,"It sounds like you're feeling genuinely remorseful for your action, which is a positive sign of empathy and understanding. It's important to address this situation directly with your friend. Consider reaching out to apologize sincerely, expressing your regret and explaining that you didn't intend to cause any harm or discomfort. Acknowledge his feelings and assure him it won't happen again. Offering to make amends, perhaps by cooking a meal for him or finding a way to replace the missing food, could also show your commitment to resolving the situation. Open communication and a genuine willingness to make things right can help mend the relationship and ease your guilt. Remember, mistakes are opportunities for growth and learning. Moving forward, it might be helpful to discuss with your friend how you both can communicate better about food or any other shared resources to avoid similar situations in the future."
S20,Block 4,OLMo-3,Implicit,joyful,"That's an incredible turnaround! It sounds like you put in a lot of effort and finally saw the results you deserved. Celebrating your success is wonderful—especially after such a tough time. And reaching out to your mom first shows how important family support is to you. Remember, setbacks don't define you; what matters is how you respond and keep moving forward. I'm really proud of you for staying determined and taking that step. Keep believing in yourself—you've proven you can do it!"
S21,Block 4,OLMo-3,Explicit,jealous,"I understand how that felt—seeing a new car can stir up a lot of emotions, especially when you're dealing with something like a broken-down car. It's completely normal to feel a bit jealous or envious in that moment. But remember, everyone has their own struggles and circumstances. Your friend's new car might be a result of hard work, good luck, or something they saved for. Your own situation is tough, but it doesn't define your worth or future. Try to focus on the things you can control, like reaching out for help with your car or celebrating small victories along the way. You're not alone in facing challenges, and things can change. Hang in there!"
S22,Block 4,OLMo-2,Implicit,excited,"It sounds like you had an exciting night watching the World Cup! Staying up late for such an intense match is a great way to experience the thrill of sports. Celebrating with a physical reaction like jumping up from your seat is a natural and fun way to express your excitement. However, it's important to balance these moments of excitement with adequate rest. Staying up late can lead to sleep deprivation, which might affect your performance or mood the next day. If you find yourself frequently staying up late for such events, consider setting an alarm for bedtime or planning to watch matches during your regular sleep hours. Remember, taking care of your health is crucial even when enjoying your hobbies. Enjoy future matches responsibly and keep savoring the excitement of sports!"
S23,Block 4,OLMo-2,Explicit,afraid,"It sounds like you experienced a sudden and unexpected loss of power during a storm, which can understandably be quite startling and scary, especially if you were alone in the dark. It's normal to feel afraid in such situations as our safety is often tied to our ability to see and control our environment. The fact that it was only for fifteen minutes is reassuring, but the fear you felt is valid. To help manage similar situations in the future, consider having a flashlight and a mobile phone charger handy for emergencies. It might also be beneficial to practice some relaxation techniques or mindfulness exercises to help calm your nerves during power outages. Remember, it's okay to feel afraid; acknowledging those feelings is the first step towards managing them. If these episodes become frequent or significantly distress you, it might be worth discussing with a professional who can provide further support and strategies."
S24,Block 4,OLMo-3,Implicit,proud,"That's such a huge and positive step for your dad! Six months of sobriety is an incredible achievement and a testament to his strength and determination. I'm so proud of you for supporting him and sharing the news with your family—having their encouragement can make all the difference. Remember to celebrate his progress, but also be prepared for the challenges ahead. Recovery is a journey, and your ongoing support and understanding mean a lot to him. Keep being there for him, and if you ever need advice or just someone to talk to, you're not alone either. Congratulations to both of you!"
